id,match_id,city,match_date,season,match_number,team1,team2,toss_winner,toss_decision,superover,result,winning_team,won_by,margin,winner_runs,winner_wickets,player_of_match,venue,umpire1,umpire2
1,1175356,Chennai,23-03-2019,2019,1,Royal Challengers Bangalore,Chennai Super Kings,Chennai Super Kings,field,N,normal,Chennai Super Kings,Wickets,7,0,7,Harbhajan Singh,MA Chidambaram Stadium,AY Dandekar,BNJ Oxenford
2,1175357,Kolkata,24-03-2019,2019,2,Sunrisers Hyderabad,Kolkata Knight Riders,Kolkata Knight Riders,field,N,normal,Kolkata Knight Riders,Wickets,6,0,6,AD Russell,Eden Gardens,AK Chaudhary,CB Gaffaney
3,1175358,Mumbai,24-03-2019,2019,3,Delhi Capitals,Mumbai Indians,Mumbai Indians,field,N,normal,Delhi Capitals,Runs,37,37,0,RR Pant,Wankhede Stadium,S Ravi,YC Barde
4,1175359,Jaipur,25-03-2019,2019,4,Kings XI Punjab,Rajasthan Royals,Rajasthan Royals,field,N,normal,Kings XI Punjab,Runs,14,14,0,CH Gayle,Sawai Mansingh Stadium,C Shamshuddin,KN Ananthapadmanabhan
5,1175360,Delhi,26-03-2019,2019,5,Delhi Capitals,Chennai Super Kings,Delhi Capitals,bat,N,normal,Chennai Super Kings,Wickets,6,0,6,SR Watson,Arun Jaitley Stadium,M Erasmus,Nitin Menon
6,1175361,Kolkata,27-03-2019,2019,6,Kolkata Knight Riders,Kings XI Punjab,Kings XI Punjab,field,N,normal,Kolkata Knight Riders,Runs,28,28,0,AD Russell,Eden Gardens,AK Chaudhary,VA Kulkarni
7,1175362,Bengaluru,28-03-2019,2019,7,Mumbai Indians,Royal Challengers Bangalore,Royal Challengers Bangalore,field,N,normal,Mumbai Indians,Runs,6,6,0,JJ Bumrah,M.Chinnaswamy Stadium,CK Nandan,S Ravi
8,1175363,Hyderabad,29-03-2019,2019,8,Rajasthan Royals,Sunrisers Hyderabad,Rajasthan Royals,bat,N,normal,Sunrisers Hyderabad,Wickets,5,0,5,Rashid Khan,Rajiv Gandhi International Stadium,BNJ Oxenford,C Shamshuddin
9,1175365,Chandigarh,30-03-2019,2019,9,Mumbai Indians,Kings XI Punjab,Kings XI Punjab,field,N,normal,Kings XI Punjab,Wickets,8,0,8,MA Agarwal,Punjab Cricket Association IS Bindra Stadium,CB Gaffaney,VA Kulkarni
10,1175364,Delhi,30-03-2019,2019,10,Kolkata Knight Riders,Delhi Capitals,Delhi Capitals,field,Y,tie,Delhi Capitals,SuperOver,NA,0,0,PP Shaw,Arun Jaitley Stadium,AY Dandekar,Nitin Menon
11,1175366,Hyderabad,31-03-2019,2019,11,Sunrisers Hyderabad,Royal Challengers Bangalore,Royal Challengers Bangalore,field,N,normal,Sunrisers Hyderabad,Runs,118,118,0,JM Bairstow,Rajiv Gandhi International Stadium,KN Ananthapadmanabhan,S Ravi
12,1175367,Chennai,31-03-2019,2019,12,Chennai Super Kings,Rajasthan Royals,Rajasthan Royals,field,N,normal,Chennai Super Kings,Runs,8,8,0,MS Dhoni,MA Chidambaram Stadium,CK Nandan,YC Barde
13,1175368,Chandigarh,01-04-2019,2019,13,Kings XI Punjab,Delhi Capitals,Delhi Capitals,field,N,normal,Kings XI Punjab,Runs,14,14,0,SM Curran,Punjab Cricket Association IS Bindra Stadium,AK Chaudhary,CB Gaffaney
14,1175369,Jaipur,02-04-2019,2019,14,Royal Challengers Bangalore,Rajasthan Royals,Rajasthan Royals,field,N,normal,Rajasthan Royals,Wickets,7,0,7,S Gopal,Sawai Mansingh Stadium,AY Dandekar,M Erasmus
15,1175370,Mumbai,03-04-2019,2019,15,Mumbai Indians,Chennai Super Kings,Chennai Super Kings,field,N,normal,Mumbai Indians,Runs,37,37,0,HH Pandya,Wankhede Stadium,BNJ Oxenford,RJ Tucker
16,1175371,Delhi,04-04-2019,2019,16,Delhi Capitals,Sunrisers Hyderabad,Sunrisers Hyderabad,field,N,normal,Sunrisers Hyderabad,Wickets,5,0,5,JM Bairstow,Arun Jaitley Stadium,C Shamshuddin,KN Ananthapadmanabhan
17,1175372,Bengaluru,05-04-2019,2019,17,Royal Challengers Bangalore,Kolkata Knight Riders,Kolkata Knight Riders,field,N,normal,Kolkata Knight Riders,Wickets,5,0,5,AD Russell,M.Chinnaswamy Stadium,AK Chaudhary,CB Gaffaney
18,1178393,Chennai,06-04-2019,2019,18,Chennai Super Kings,Kings XI Punjab,Chennai Super Kings,bat,N,normal,Chennai Super Kings,Runs,22,22,0,Harbhajan Singh,MA Chidambaram Stadium,KN Ananthapadmanabhan,RJ Tucker
19,1178394,Hyderabad,06-04-2019,2019,19,Mumbai Indians,Sunrisers Hyderabad,Sunrisers Hyderabad,field,N,normal,Mumbai Indians,Runs,40,40,0,AS Joseph,Rajiv Gandhi International Stadium,AY Dandekar,Nitin Menon
20,1178395,Bengaluru,07-04-2019,2019,20,Royal Challengers Bangalore,Delhi Capitals,Delhi Capitals,field,N,normal,Delhi Capitals,Wickets,4,0,4,K Rabada,M.Chinnaswamy Stadium,S Ravi,YC Barde
21,1178396,Jaipur,07-04-2019,2019,21,Rajasthan Royals,Kolkata Knight Riders,Kolkata Knight Riders,field,N,normal,Kolkata Knight Riders,Wickets,8,0,8,HF Gurney,Sawai Mansingh Stadium,AK Chaudhary,CB Gaffaney
22,1178397,Chandigarh,08-04-2019,2019,22,Sunrisers Hyderabad,Kings XI Punjab,Kings XI Punjab,field,N,normal,Kings XI Punjab,Wickets,6,0,6,KL Rahul,Punjab Cricket Association IS Bindra Stadium,AY Dandekar,M Erasmus
23,1178398,Chennai,09-04-2019,2019,23,Kolkata Knight Riders,Chennai Super Kings,Chennai Super Kings,field,N,normal,Chennai Super Kings,Wickets,7,0,7,DL Chahar,MA Chidambaram Stadium,C Shamshuddin,RJ Tucker
24,1178399,Mumbai,10-04-2019,2019,24,Kings XI Punjab,Mumbai Indians,Mumbai Indians,field,N,normal,Mumbai Indians,Wickets,3,0,3,KA Pollard,Wankhede Stadium,S Ravi,YC Barde
25,1178400,Jaipur,11-04-2019,2019,25,Rajasthan Royals,Chennai Super Kings,Chennai Super Kings,field,N,normal,Chennai Super Kings,Wickets,4,0,4,MS Dhoni,Sawai Mansingh Stadium,BNJ Oxenford,UV Gandhe
26,1178401,Kolkata,12-04-2019,2019,26,Kolkata Knight Riders,Delhi Capitals,Delhi Capitals,field,N,normal,Delhi Capitals,Wickets,7,0,7,S Dhawan,Eden Gardens,CK Nandan,YC Barde
27,1178402,Mumbai,13-04-2019,2019,27,Mumbai Indians,Rajasthan Royals,Rajasthan Royals,field,N,normal,Rajasthan Royals,Wickets,4,0,4,JC Buttler,Wankhede Stadium,A Nand Kishore,Nitin Menon
28,1178403,Chandigarh,13-04-2019,2019,28,Kings XI Punjab,Royal Challengers Bangalore,Royal Challengers Bangalore,field,N,normal,Royal Challengers Bangalore,Wickets,8,0,8,AB de Villiers,Punjab Cricket Association IS Bindra Stadium,S Ravi,UV Gandhe
29,1178404,Kolkata,14-04-2019,2019,29,Kolkata Knight Riders,Chennai Super Kings,Chennai Super Kings,field,N,normal,Chennai Super Kings,Wickets,5,0,5,Imran Tahir,Eden Gardens,CK Nandan,RJ Tucker
30,1178405,Hyderabad,14-04-2019,2019,30,Delhi Capitals,Sunrisers Hyderabad,Sunrisers Hyderabad,field,N,normal,Delhi Capitals,Runs,39,39,0,KMA Paul,Rajiv Gandhi International Stadium,AK Chaudhary,BNJ Oxenford
31,1178406,Mumbai,15-04-2019,2019,31,Royal Challengers Bangalore,Mumbai Indians,Mumbai Indians,field,N,normal,Mumbai Indians,Wickets,5,0,5,SL Malinga,Wankhede Stadium,M Erasmus,Nitin Menon
32,1178407,Chandigarh,16-04-2019,2019,32,Kings XI Punjab,Rajasthan Royals,Rajasthan Royals,field,N,normal,Kings XI Punjab,Runs,12,12,0,R Ashwin,Punjab Cricket Association IS Bindra Stadium,AK Chaudhary,VA Kulkarni
33,1178408,Hyderabad,17-04-2019,2019,33,Chennai Super Kings,Sunrisers Hyderabad,Chennai Super Kings,bat,N,normal,Sunrisers Hyderabad,Wickets,6,0,6,DA Warner,Rajiv Gandhi International Stadium,IJ Gould,UV Gandhe
34,1178409,Delhi,18-04-2019,2019,34,Mumbai Indians,Delhi Capitals,Mumbai Indians,bat,N,normal,Mumbai Indians,Runs,40,40,0,HH Pandya,Arun Jaitley Stadium,BNJ Oxenford,NJ Llong
35,1178410,Kolkata,19-04-2019,2019,35,Royal Challengers Bangalore,Kolkata Knight Riders,Kolkata Knight Riders,field,N,normal,Royal Challengers Bangalore,Runs,10,10,0,V Kohli,Eden Gardens,IJ Gould,Nitin Menon
36,1178411,Jaipur,20-04-2019,2019,36,Mumbai Indians,Rajasthan Royals,Rajasthan Royals,field,N,normal,Rajasthan Royals,Wickets,5,0,5,SPD Smith,Sawai Mansingh Stadium,S Ravi,YC Barde
37,1178412,Delhi,20-04-2019,2019,37,Kings XI Punjab,Delhi Capitals,Delhi Capitals,field,N,normal,Delhi Capitals,Wickets,5,0,5,SS Iyer,Arun Jaitley Stadium,C Shamshuddin,UV Gandhe
38,1178414,Hyderabad,21-04-2019,2019,38,Kolkata Knight Riders,Sunrisers Hyderabad,Sunrisers Hyderabad,field,N,normal,Sunrisers Hyderabad,Wickets,9,0,9,KK Ahmed,Rajiv Gandhi International Stadium,NJ Llong,Nitin Menon
39,1178413,Bengaluru,21-04-2019,2019,39,Royal Challengers Bangalore,Chennai Super Kings,Chennai Super Kings,field,N,normal,Royal Challengers Bangalore,Runs,1,1,0,PA Patel,M.Chinnaswamy Stadium,RJ Tucker,VA Kulkarni
40,1178415,Jaipur,22-04-2019,2019,40,Rajasthan Royals,Delhi Capitals,Delhi Capitals,field,N,normal,Delhi Capitals,Wickets,6,0,6,RR Pant,Sawai Mansingh Stadium,A Nand Kishore,S Ravi
41,1178416,Chennai,23-04-2019,2019,41,Sunrisers Hyderabad,Chennai Super Kings,Chennai Super Kings,field,N,normal,Chennai Super Kings,Wickets,6,0,6,SR Watson,MA Chidambaram Stadium,AK Chaudhary,NJ Llong
42,1178417,Bengaluru,24-04-2019,2019,42,Royal Challengers Bangalore,Kings XI Punjab,Kings XI Punjab,field,N,normal,Royal Challengers Bangalore,Runs,17,17,0,AB de Villiers,M.Chinnaswamy Stadium,BNJ Oxenford,C Shamshuddin
43,1178418,Kolkata,25-04-2019,2019,43,Kolkata Knight Riders,Rajasthan Royals,Rajasthan Royals,field,N,normal,Rajasthan Royals,Wickets,3,0,3,VR Aaron,Eden Gardens,AY Dandekar,IJ Gould
44,1178419,Chennai,26-04-2019,2019,44,Mumbai Indians,Chennai Super Kings,Chennai Super Kings,field,N,normal,Mumbai Indians,Runs,46,46,0,RG Sharma,MA Chidambaram Stadium,AK Chaudhary,NJ Llong
45,1178420,Jaipur,27-04-2019,2019,45,Sunrisers Hyderabad,Rajasthan Royals,Rajasthan Royals,field,N,normal,Rajasthan Royals,Wickets,7,0,7,JD Unadkat,Sawai Mansingh Stadium,A Nand Kishore,YC Barde
46,1178421,Delhi,28-04-2019,2019,46,Delhi Capitals,Royal Challengers Bangalore,Delhi Capitals,bat,N,normal,Delhi Capitals,Runs,16,16,0,S Dhawan,Arun Jaitley Stadium,BNJ Oxenford,KN Ananthapadmanabhan
47,1178422,Kolkata,28-04-2019,2019,47,Kolkata Knight Riders,Mumbai Indians,Mumbai Indians,field,N,normal,Kolkata Knight Riders,Runs,34,34,0,AD Russell,Eden Gardens,IJ Gould,Nitin Menon
48,1178423,Hyderabad,29-04-2019,2019,48,Sunrisers Hyderabad,Kings XI Punjab,Kings XI Punjab,field,N,normal,Sunrisers Hyderabad,Runs,45,45,0,DA Warner,Rajiv Gandhi International Stadium,CK Nandan,S Ravi
49,1178424,Bengaluru,30-04-2019,2019,49,Royal Challengers Bangalore,Rajasthan Royals,Rajasthan Royals,field,N,normal,No result ,No result,NA,0,0,NA,M.Chinnaswamy Stadium,NJ Llong,UV Gandhe
50,1178425,Chennai,01-05-2019,2019,50,Chennai Super Kings,Delhi Capitals,Delhi Capitals,field,N,normal,Chennai Super Kings,Runs,80,80,0,MS Dhoni,MA Chidambaram Stadium,AY Dandekar,Nitin Menon
51,1178426,Mumbai,02-05-2019,2019,51,Mumbai Indians,Sunrisers Hyderabad,Mumbai Indians,bat,Y,tie,Mumbai Indians,SuperOver,NA,0,0,JJ Bumrah,Wankhede Stadium,CK Nandan,S Ravi
52,1178427,Chandigarh,03-05-2019,2019,52,Kings XI Punjab,Kolkata Knight Riders,Kolkata Knight Riders,field,N,normal,Kolkata Knight Riders,Wickets,7,0,7,Shubman Gill,Punjab Cricket Association IS Bindra Stadium,BNJ Oxenford,C Shamshuddin
53,1178429,Delhi,04-05-2019,2019,53,Rajasthan Royals,Delhi Capitals,Rajasthan Royals,bat,N,normal,Delhi Capitals,Wickets,5,0,5,A Mishra,Arun Jaitley Stadium,AY Dandekar,IJ Gould
54,1178428,Bengaluru,04-05-2019,2019,54,Sunrisers Hyderabad,Royal Challengers Bangalore,Royal Challengers Bangalore,field,N,normal,Royal Challengers Bangalore,Wickets,4,0,4,SO Hetmyer,M.Chinnaswamy Stadium,AK Chaudhary,NJ Llong
55,1178430,Chandigarh,05-05-2019,2019,55,Chennai Super Kings,Kings XI Punjab,Kings XI Punjab,field,N,normal,Kings XI Punjab,Wickets,6,0,6,KL Rahul,Punjab Cricket Association IS Bindra Stadium,C Shamshuddin,KN Ananthapadmanabhan
56,1178431,Mumbai,05-05-2019,2019,56,Kolkata Knight Riders,Mumbai Indians,Mumbai Indians,field,N,normal,Mumbai Indians,Wickets,9,0,9,HH Pandya,Wankhede Stadium,A Nand Kishore,CK Nandan
57,1181764,Chennai,07-05-2019,2019,57,Chennai Super Kings,Mumbai Indians,Chennai Super Kings,bat,N,normal,Mumbai Indians,Wickets,6,0,6,SA Yadav,MA Chidambaram Stadium,NJ Llong,Nitin Menon
58,1181766,Visakhapatnam,08-05-2019,2019,58,Sunrisers Hyderabad,Delhi Capitals,Delhi Capitals,field,N,normal,Delhi Capitals,Wickets,2,0,2,RR Pant,Dr. Y.S. Rajasekhara Reddy ACA-VDCA Cricket Stadium,BNJ Oxenford,S Ravi
59,1181767,Visakhapatnam,10-05-2019,2019,59,Delhi Capitals,Chennai Super Kings,Chennai Super Kings,field,N,normal,Chennai Super Kings,Wickets,6,0,6,F du Plessis,Dr. Y.S. Rajasekhara Reddy ACA-VDCA Cricket Stadium,BNJ Oxenford,S Ravi
60,1181768,Hyderabad,12-05-2019,2019,60,Mumbai Indians,Chennai Super Kings,Mumbai Indians,bat,N,normal,Mumbai Indians,Runs,1,1,0,JJ Bumrah,Rajiv Gandhi International Stadium,IJ Gould,Nitin Menon
61,1216492,Abu Dhabi,19-09-2020,2020,1,Mumbai Indians,Chennai Super Kings,Chennai Super Kings,field,N,normal,Chennai Super Kings,Wickets,5,0,5,AT Rayudu,Sheikh Zayed Stadium,CB Gaffaney,VK Sharma
62,1216493,Dubai,20-09-2020,2020,2,Delhi Capitals,Kings XI Punjab,Kings XI Punjab,field,Y,tie,Delhi Capitals,SuperOver,NA,0,0,MP Stoinis,Dubai International Cricket Stadium,AK Chaudhary,Nitin Menon
63,1216534,Dubai,21-09-2020,2020,3,Royal Challengers Bangalore,Sunrisers Hyderabad,Sunrisers Hyderabad,field,N,normal,Royal Challengers Bangalore,Runs,10,10,0,YS Chahal,Dubai International Cricket Stadium,AY Dandekar,Nitin Menon
64,1216496,Sharjah,22-09-2020,2020,4,Rajasthan Royals,Chennai Super Kings,Chennai Super Kings,field,N,normal,Rajasthan Royals,Runs,16,16,0,SV Samson,Sharjah Cricket Stadium,C Shamshuddin,VA Kulkarni
65,1216508,Abu Dhabi,23-09-2020,2020,5,Mumbai Indians,Kolkata Knight Riders,Kolkata Knight Riders,field,N,normal,Mumbai Indians,Runs,49,49,0,RG Sharma,Sheikh Zayed Stadium,CB Gaffaney,S Ravi
66,1216510,Dubai,24-09-2020,2020,6,Kings XI Punjab,Royal Challengers Bangalore,Royal Challengers Bangalore,field,N,normal,Kings XI Punjab,Runs,97,97,0,KL Rahul,Dubai International Cricket Stadium,AK Chaudhary,PR Reiffel
67,1216539,Dubai,25-09-2020,2020,7,Delhi Capitals,Chennai Super Kings,Chennai Super Kings,field,N,normal,Delhi Capitals,Runs,44,44,0,PP Shaw,Dubai International Cricket Stadium,KN Ananthapadmanabhan,RK Illingworth
68,1216545,Abu Dhabi,26-09-2020,2020,8,Sunrisers Hyderabad,Kolkata Knight Riders,Sunrisers Hyderabad,bat,N,normal,Kolkata Knight Riders,Wickets,7,0,7,Shubman Gill,Sheikh Zayed Stadium,CB Gaffaney,VK Sharma
69,1216527,Sharjah,27-09-2020,2020,9,Kings XI Punjab,Rajasthan Royals,Rajasthan Royals,field,N,normal,Rajasthan Royals,Wickets,4,0,4,SV Samson,Sharjah Cricket Stadium,RK Illingworth,K Srinivasan
70,1216547,Dubai,28-09-2020,2020,10,Royal Challengers Bangalore,Mumbai Indians,Mumbai Indians,field,Y,tie,Royal Challengers Bangalore,SuperOver,NA,0,0,AB de Villiers,Dubai International Cricket Stadium,Nitin Menon,PR Reiffel
71,1216532,Abu Dhabi,29-09-2020,2020,11,Sunrisers Hyderabad,Delhi Capitals,Delhi Capitals,field,N,normal,Sunrisers Hyderabad,Runs,15,15,0,Rashid Khan,Sheikh Zayed Stadium,VK Sharma,S Ravi
72,1216504,Dubai,30-09-2020,2020,12,Kolkata Knight Riders,Rajasthan Royals,Rajasthan Royals,field,N,normal,Kolkata Knight Riders,Runs,37,37,0,Shivam Mavi,Dubai International Cricket Stadium,KN Ananthapadmanabhan,C Shamshuddin
73,1216503,Abu Dhabi,01-10-2020,2020,13,Mumbai Indians,Kings XI Punjab,Kings XI Punjab,field,N,normal,Mumbai Indians,Runs,48,48,0,KA Pollard,Sheikh Zayed Stadium,VK Sharma,S Ravi
74,1216516,Dubai,02-10-2020,2020,14,Sunrisers Hyderabad,Chennai Super Kings,Sunrisers Hyderabad,bat,N,normal,Sunrisers Hyderabad,Runs,7,7,0,PK Garg,Dubai International Cricket Stadium,AK Chaudhary,PR Reiffel
75,1216515,Abu Dhabi,03-10-2020,2020,15,Rajasthan Royals,Royal Challengers Bangalore,Rajasthan Royals,bat,N,normal,Royal Challengers Bangalore,Wickets,8,0,8,YS Chahal,Sheikh Zayed Stadium,CB Gaffaney,S Ravi
76,1216514,Sharjah,03-10-2020,2020,16,Delhi Capitals,Kolkata Knight Riders,Kolkata Knight Riders,field,N,normal,Delhi Capitals,Runs,18,18,0,SS Iyer,Sharjah Cricket Stadium,VA Kulkarni,RK Illingworth
77,1216538,Sharjah,04-10-2020,2020,17,Mumbai Indians,Sunrisers Hyderabad,Mumbai Indians,bat,N,normal,Mumbai Indians,Runs,34,34,0,TA Boult,Sharjah Cricket Stadium,KN Ananthapadmanabhan,RK Illingworth
78,1216513,Dubai,04-10-2020,2020,18,Kings XI Punjab,Chennai Super Kings,Kings XI Punjab,bat,N,normal,Chennai Super Kings,Wickets,10,0,10,SR Watson,Dubai International Cricket Stadium,AY Dandekar,Nitin Menon
79,1216519,Dubai,05-10-2020,2020,19,Delhi Capitals,Royal Challengers Bangalore,Royal Challengers Bangalore,field,N,normal,Delhi Capitals,Runs,59,59,0,AR Patel,Dubai International Cricket Stadium,Nitin Menon,YC Barde
80,1216511,Abu Dhabi,06-10-2020,2020,20,Mumbai Indians,Rajasthan Royals,Mumbai Indians,bat,N,normal,Mumbai Indians,Runs,57,57,0,SA Yadav,Sheikh Zayed Stadium,VK Sharma,S Ravi
81,1216501,Abu Dhabi,07-10-2020,2020,21,Kolkata Knight Riders,Chennai Super Kings,Kolkata Knight Riders,bat,N,normal,Kolkata Knight Riders,Runs,10,10,0,RA Tripathi,Sheikh Zayed Stadium,KN Ananthapadmanabhan,RK Illingworth
82,1216542,Dubai,08-10-2020,2020,22,Sunrisers Hyderabad,Kings XI Punjab,Sunrisers Hyderabad,bat,N,normal,Sunrisers Hyderabad,Runs,69,69,0,JM Bairstow,Dubai International Cricket Stadium,AK Chaudhary,Nitin Menon
83,1216500,Sharjah,09-10-2020,2020,23,Delhi Capitals,Rajasthan Royals,Rajasthan Royals,field,N,normal,Delhi Capitals,Runs,46,46,0,R Ashwin,Sharjah Cricket Stadium,KN Ananthapadmanabhan,C Shamshuddin
84,1216523,Abu Dhabi,10-10-2020,2020,24,Kolkata Knight Riders,Kings XI Punjab,Kolkata Knight Riders,bat,N,normal,Kolkata Knight Riders,Runs,2,2,0,KD Karthik,Sheikh Zayed Stadium,UV Gandhe,CB Gaffaney
85,1216525,Dubai,10-10-2020,2020,25,Royal Challengers Bangalore,Chennai Super Kings,Royal Challengers Bangalore,bat,N,normal,Royal Challengers Bangalore,Runs,37,37,0,V Kohli,Dubai International Cricket Stadium,AK Chaudhary,PR Reiffel
86,1216529,Dubai,11-10-2020,2020,26,Sunrisers Hyderabad,Rajasthan Royals,Sunrisers Hyderabad,bat,N,normal,Rajasthan Royals,Wickets,5,0,5,R Tewatia,Dubai International Cricket Stadium,YC Barde,PR Reiffel
87,1216507,Abu Dhabi,11-10-2020,2020,27,Delhi Capitals,Mumbai Indians,Delhi Capitals,bat,N,normal,Mumbai Indians,Wickets,5,0,5,Q de Kock,Sheikh Zayed Stadium,CB Gaffaney,S Ravi
88,1216540,Sharjah,12-10-2020,2020,28,Royal Challengers Bangalore,Kolkata Knight Riders,Royal Challengers Bangalore,bat,N,normal,Royal Challengers Bangalore,Runs,82,82,0,AB de Villiers,Sharjah Cricket Stadium,RK Illingworth,K Srinivasan
89,1216528,Dubai,13-10-2020,2020,29,Chennai Super Kings,Sunrisers Hyderabad,Chennai Super Kings,bat,N,normal,Chennai Super Kings,Runs,20,20,0,RA Jadeja,Dubai International Cricket Stadium,AK Chaudhary,PR Reiffel
90,1216543,Dubai,14-10-2020,2020,30,Delhi Capitals,Rajasthan Royals,Delhi Capitals,bat,N,normal,Delhi Capitals,Runs,13,13,0,A Nortje,Dubai International Cricket Stadium,AK Chaudhary,Nitin Menon
91,1216531,Sharjah,15-10-2020,2020,31,Royal Challengers Bangalore,Kings XI Punjab,Royal Challengers Bangalore,bat,N,normal,Kings XI Punjab,Wickets,8,0,8,KL Rahul,Sharjah Cricket Stadium,KN Ananthapadmanabhan,C Shamshuddin
92,1216526,Abu Dhabi,16-10-2020,2020,32,Kolkata Knight Riders,Mumbai Indians,Kolkata Knight Riders,bat,N,normal,Mumbai Indians,Wickets,8,0,8,Q de Kock,Sheikh Zayed Stadium,CB Gaffaney,VK Sharma
93,1216522,Dubai,17-10-2020,2020,33,Rajasthan Royals,Royal Challengers Bangalore,Rajasthan Royals,bat,N,normal,Royal Challengers Bangalore,Wickets,7,0,7,AB de Villiers,Dubai International Cricket Stadium,AK Chaudhary,Nitin Menon
94,1216509,Sharjah,17-10-2020,2020,34,Chennai Super Kings,Delhi Capitals,Chennai Super Kings,bat,N,normal,Delhi Capitals,Wickets,5,0,5,S Dhawan,Sharjah Cricket Stadium,KN Ananthapadmanabhan,RK Illingworth
95,1216517,Abu Dhabi,18-10-2020,2020,35,Kolkata Knight Riders,Sunrisers Hyderabad,Sunrisers Hyderabad,field,Y,tie,Kolkata Knight Riders,SuperOver,NA,0,0,LH Ferguson,Sheikh Zayed Stadium,PG Pathak,S Ravi
96,1216512,Dubai,18-10-2020,2020,36,Mumbai Indians,Kings XI Punjab,Mumbai Indians,bat,Y,tie,Kings XI Punjab,SuperOver,NA,0,0,KL Rahul,Dubai International Cricket Stadium,Nitin Menon,PR Reiffel
97,1216533,Abu Dhabi,19-10-2020,2020,37,Chennai Super Kings,Rajasthan Royals,Chennai Super Kings,bat,N,normal,Rajasthan Royals,Wickets,7,0,7,JC Buttler,Sheikh Zayed Stadium,CB Gaffaney,VK Sharma
98,1216546,Dubai,20-10-2020,2020,38,Delhi Capitals,Kings XI Punjab,Delhi Capitals,bat,N,normal,Kings XI Punjab,Wickets,5,0,5,S Dhawan,Dubai International Cricket Stadium,C Shamshuddin,RK Illingworth
99,1216494,Abu Dhabi,21-10-2020,2020,39,Kolkata Knight Riders,Royal Challengers Bangalore,Kolkata Knight Riders,bat,N,normal,Royal Challengers Bangalore,Wickets,8,0,8,Mohammed Siraj,Sheikh Zayed Stadium,VK Sharma,S Ravi
100,1216518,Dubai,22-10-2020,2020,40,Rajasthan Royals,Sunrisers Hyderabad,Sunrisers Hyderabad,field,N,normal,Sunrisers Hyderabad,Wickets,8,0,8,MK Pandey,Dubai International Cricket Stadium,Nitin Menon,PR Reiffel
101,1216521,Sharjah,23-10-2020,2020,41,Chennai Super Kings,Mumbai Indians,Mumbai Indians,field,N,normal,Mumbai Indians,Wickets,10,0,10,TA Boult,Sharjah Cricket Stadium,C Shamshuddin,VA Kulkarni
102,1216498,Abu Dhabi,24-10-2020,2020,42,Kolkata Knight Riders,Delhi Capitals,Delhi Capitals,field,N,normal,Kolkata Knight Riders,Runs,59,59,0,CV Varun,Sheikh Zayed Stadium,CB Gaffaney,PG Pathak
103,1216497,Dubai,24-10-2020,2020,43,Kings XI Punjab,Sunrisers Hyderabad,Sunrisers Hyderabad,field,N,normal,Kings XI Punjab,Runs,12,12,0,CJ Jordan,Dubai International Cricket Stadium,AY Dandekar,PR Reiffel
104,1216544,Dubai,25-10-2020,2020,44,Royal Challengers Bangalore,Chennai Super Kings,Royal Challengers Bangalore,bat,N,normal,Chennai Super Kings,Wickets,8,0,8,RD Gaikwad,Dubai International Cricket Stadium,C Shamshuddin,RK Illingworth
105,1216541,Abu Dhabi,25-10-2020,2020,45,Mumbai Indians,Rajasthan Royals,Mumbai Indians,bat,N,normal,Rajasthan Royals,Wickets,8,0,8,BA Stokes,Sheikh Zayed Stadium,UV Gandhe,VK Sharma
106,1216520,Sharjah,26-10-2020,2020,46,Kolkata Knight Riders,Kings XI Punjab,Kings XI Punjab,field,N,normal,Kings XI Punjab,Wickets,8,0,8,CH Gayle,Sharjah Cricket Stadium,KN Ananthapadmanabhan,RK Illingworth
107,1216524,Dubai,27-10-2020,2020,47,Sunrisers Hyderabad,Delhi Capitals,Delhi Capitals,field,N,normal,Sunrisers Hyderabad,Runs,88,88,0,WP Saha,Dubai International Cricket Stadium,AK Chaudhary,Nitin Menon
108,1216499,Abu Dhabi,28-10-2020,2020,48,Royal Challengers Bangalore,Mumbai Indians,Mumbai Indians,field,N,normal,Mumbai Indians,Wickets,5,0,5,SA Yadav,Sheikh Zayed Stadium,UV Gandhe,CB Gaffaney
109,1216536,Dubai,29-10-2020,2020,49,Kolkata Knight Riders,Chennai Super Kings,Chennai Super Kings,field,N,normal,Chennai Super Kings,Wickets,6,0,6,RD Gaikwad,Dubai International Cricket Stadium,C Shamshuddin,RK Illingworth
110,1216537,Abu Dhabi,30-10-2020,2020,50,Kings XI Punjab,Rajasthan Royals,Rajasthan Royals,field,N,normal,Rajasthan Royals,Wickets,7,0,7,BA Stokes,Sheikh Zayed Stadium,CB Gaffaney,S Ravi
111,1216502,Dubai,31-10-2020,2020,51,Delhi Capitals,Mumbai Indians,Mumbai Indians,field,N,normal,Mumbai Indians,Wickets,9,0,9,Ishan Kishan,Dubai International Cricket Stadium,YC Barde,PR Reiffel
112,1216535,Sharjah,31-10-2020,2020,52,Royal Challengers Bangalore,Sunrisers Hyderabad,Sunrisers Hyderabad,field,N,normal,Sunrisers Hyderabad,Wickets,5,0,5,Sandeep Sharma,Sharjah Cricket Stadium,KN Ananthapadmanabhan,K Srinivasan
113,1216530,Abu Dhabi,01-11-2020,2020,53,Kings XI Punjab,Chennai Super Kings,Chennai Super Kings,field,N,normal,Chennai Super Kings,Wickets,9,0,9,RD Gaikwad,Sheikh Zayed Stadium,PG Pathak,VK Sharma
114,1216506,Dubai,01-11-2020,2020,54,Kolkata Knight Riders,Rajasthan Royals,Rajasthan Royals,field,N,normal,Kolkata Knight Riders,Runs,60,60,0,PJ Cummins,Dubai International Cricket Stadium,Nitin Menon,PR Reiffel
115,1216505,Abu Dhabi,02-11-2020,2020,55,Royal Challengers Bangalore,Delhi Capitals,Delhi Capitals,field,N,normal,Delhi Capitals,Wickets,6,0,6,A Nortje,Sheikh Zayed Stadium,CB Gaffaney,S Ravi
116,1216495,Sharjah,03-11-2020,2020,56,Mumbai Indians,Sunrisers Hyderabad,Sunrisers Hyderabad,field,N,normal,Sunrisers Hyderabad,Wickets,10,0,10,S Nadeem,Sharjah Cricket Stadium,C Shamshuddin,RK Illingworth
117,1237177,Dubai,05-11-2020,2020,57,Mumbai Indians,Delhi Capitals,Delhi Capitals,field,N,normal,Mumbai Indians,Runs,57,57,0,JJ Bumrah,Dubai International Cricket Stadium,CB Gaffaney,Nitin Menon
118,1237178,Abu Dhabi,06-11-2020,2020,58,Royal Challengers Bangalore,Sunrisers Hyderabad,Sunrisers Hyderabad,field,N,normal,Sunrisers Hyderabad,Wickets,6,0,6,KS Williamson,Sheikh Zayed Stadium,PR Reiffel,S Ravi
119,1237180,Abu Dhabi,08-11-2020,2020,59,Delhi Capitals,Sunrisers Hyderabad,Delhi Capitals,bat,N,normal,Delhi Capitals,Runs,17,17,0,MP Stoinis,Sheikh Zayed Stadium,PR Reiffel,S Ravi
120,1237181,Dubai,10-11-2020,2020,60,Delhi Capitals,Mumbai Indians,Delhi Capitals,bat,N,normal,Mumbai Indians,Wickets,5,0,5,TA Boult,Dubai International Cricket Stadium,CB Gaffaney,Nitin Menon
121,1254058,Chennai,09-04-2021,2021,1,Mumbai Indians,Royal Challengers Bangalore,Royal Challengers Bangalore,field,N,normal,Royal Challengers Bangalore,Wickets,2,0,2,HV Patel,"MA Chidambaram Stadium, Chepauk, Chennai",KN Ananthapadmanabhan,Nitin Menon
122,1254059,Mumbai,10-04-2021,2021,2,Chennai Super Kings,Delhi Capitals,Delhi Capitals,field,N,normal,Delhi Capitals,Wickets,7,0,7,S Dhawan,"Wankhede Stadium, Mumbai",AK Chaudhary,VK Sharma
123,1254060,Chennai,11-04-2021,2021,3,Kolkata Knight Riders,Sunrisers Hyderabad,Sunrisers Hyderabad,field,N,normal,Kolkata Knight Riders,Runs,10,10,0,N Rana,"MA Chidambaram Stadium, Chepauk, Chennai",KN Ananthapadmanabhan,Nitin Menon
124,1254061,Mumbai,12-04-2021,2021,4,Punjab Kings,Rajasthan Royals,Rajasthan Royals,field,N,normal,Punjab Kings,Runs,4,4,0,SV Samson,"Wankhede Stadium, Mumbai",AK Chaudhary,S Ravi
125,1254062,Chennai,13-04-2021,2021,5,Mumbai Indians,Kolkata Knight Riders,Kolkata Knight Riders,field,N,normal,Mumbai Indians,Runs,10,10,0,RD Chahar,"MA Chidambaram Stadium, Chepauk, Chennai",C Shamshuddin,CB Gaffaney
126,1254063,Chennai,14-04-2021,2021,6,Royal Challengers Bangalore,Sunrisers Hyderabad,Sunrisers Hyderabad,field,N,normal,Royal Challengers Bangalore,Runs,6,6,0,GJ Maxwell,"MA Chidambaram Stadium, Chepauk, Chennai",Nitin Menon,UV Gandhe
127,1254064,Mumbai,15-04-2021,2021,7,Delhi Capitals,Rajasthan Royals,Rajasthan Royals,field,N,normal,Rajasthan Royals,Wickets,3,0,3,JD Unadkat,"Wankhede Stadium, Mumbai",S Ravi,VK Sharma
128,1254065,Mumbai,16-04-2021,2021,8,Punjab Kings,Chennai Super Kings,Chennai Super Kings,field,N,normal,Chennai Super Kings,Wickets,6,0,6,DL Chahar,"Wankhede Stadium, Mumbai",AK Chaudhary,AY Dandekar
129,1254066,Chennai,17-04-2021,2021,9,Mumbai Indians,Sunrisers Hyderabad,Mumbai Indians,bat,N,normal,Mumbai Indians,Runs,13,13,0,KA Pollard,"MA Chidambaram Stadium, Chepauk, Chennai",CB Gaffaney,K Srinivasan
130,1254068,Chennai,18-04-2021,2021,10,Royal Challengers Bangalore,Kolkata Knight Riders,Royal Challengers Bangalore,bat,N,normal,Royal Challengers Bangalore,Runs,38,38,0,AB de Villiers,"MA Chidambaram Stadium, Chepauk, Chennai",C Shamshuddin,Nitin Menon
131,1254067,Mumbai,18-04-2021,2021,11,Punjab Kings,Delhi Capitals,Delhi Capitals,field,N,normal,Delhi Capitals,Wickets,6,0,6,S Dhawan,"Wankhede Stadium, Mumbai",AK Chaudhary,PR Reiffel
132,1254069,Mumbai,19-04-2021,2021,12,Chennai Super Kings,Rajasthan Royals,Rajasthan Royals,field,N,normal,Chennai Super Kings,Runs,45,45,0,MM Ali,"Wankhede Stadium, Mumbai",PR Reiffel,VK Sharma
133,1254070,Chennai,20-04-2021,2021,13,Mumbai Indians,Delhi Capitals,Mumbai Indians,bat,N,normal,Delhi Capitals,Wickets,6,0,6,A Mishra,"MA Chidambaram Stadium, Chepauk, Chennai",C Shamshuddin,CB Gaffaney
134,1254071,Chennai,21-04-2021,2021,14,Punjab Kings,Sunrisers Hyderabad,Punjab Kings,bat,N,normal,Sunrisers Hyderabad,Wickets,9,0,9,JM Bairstow,"MA Chidambaram Stadium, Chepauk, Chennai",K Srinivasan,Nitin Menon
135,1254072,Mumbai,21-04-2021,2021,15,Chennai Super Kings,Kolkata Knight Riders,Kolkata Knight Riders,field,N,normal,Chennai Super Kings,Runs,18,18,0,F du Plessis,"Wankhede Stadium, Mumbai",AY Dandekar,PR Reiffel
136,1254073,Mumbai,22-04-2021,2021,16,Rajasthan Royals,Royal Challengers Bangalore,Royal Challengers Bangalore,field,N,normal,Royal Challengers Bangalore,Wickets,10,0,10,D Padikkal,"Wankhede Stadium, Mumbai",J Madanagopal,S Ravi
137,1254074,Chennai,23-04-2021,2021,17,Mumbai Indians,Punjab Kings,Punjab Kings,field,N,normal,Punjab Kings,Wickets,9,0,9,KL Rahul,"MA Chidambaram Stadium, Chepauk, Chennai",C Shamshuddin,Nitin Menon
138,1254075,Mumbai,24-04-2021,2021,18,Kolkata Knight Riders,Rajasthan Royals,Rajasthan Royals,field,N,normal,Rajasthan Royals,Wickets,6,0,6,CH Morris,"Wankhede Stadium, Mumbai",Navdeep Singh,S Ravi
139,1254077,Mumbai,25-04-2021,2021,19,Chennai Super Kings,Royal Challengers Bangalore,Chennai Super Kings,bat,N,normal,Chennai Super Kings,Runs,69,69,0,RA Jadeja,"Wankhede Stadium, Mumbai",AK Chaudhary,VK Sharma
140,1254076,Chennai,25-04-2021,2021,20,Delhi Capitals,Sunrisers Hyderabad,Delhi Capitals,bat,Y,tie,Delhi Capitals,SuperOver,NA,0,0,PP Shaw,"MA Chidambaram Stadium, Chepauk, Chennai",CB Gaffaney,KN Ananthapadmanabhan
141,1254078,Ahmedabad,26-04-2021,2021,21,Punjab Kings,Kolkata Knight Riders,Kolkata Knight Riders,field,N,normal,Kolkata Knight Riders,Wickets,5,0,5,EJG Morgan,"Narendra Modi Stadium, Ahmedabad",PR Reiffel,YC Barde
142,1254079,Ahmedabad,27-04-2021,2021,22,Royal Challengers Bangalore,Delhi Capitals,Delhi Capitals,field,N,normal,Royal Challengers Bangalore,Runs,1,1,0,AB de Villiers,"Narendra Modi Stadium, Ahmedabad",S Ravi,VK Sharma
143,1254080,Delhi,28-04-2021,2021,23,Sunrisers Hyderabad,Chennai Super Kings,Sunrisers Hyderabad,bat,N,normal,Chennai Super Kings,Wickets,7,0,7,RD Gaikwad,"Arun Jaitley Stadium, Delhi",C Shamshuddin,CK Nandan
144,1254081,Delhi,29-04-2021,2021,24,Rajasthan Royals,Mumbai Indians,Mumbai Indians,field,N,normal,Mumbai Indians,Wickets,7,0,7,Q de Kock,"Arun Jaitley Stadium, Delhi",CB Gaffaney,KN Ananthapadmanabhan
145,1254082,Ahmedabad,29-04-2021,2021,25,Kolkata Knight Riders,Delhi Capitals,Delhi Capitals,field,N,normal,Delhi Capitals,Wickets,7,0,7,PP Shaw,"Narendra Modi Stadium, Ahmedabad",AK Chaudhary,YC Barde
146,1254083,Ahmedabad,30-04-2021,2021,26,Punjab Kings,Royal Challengers Bangalore,Royal Challengers Bangalore,field,N,normal,Punjab Kings,Runs,34,34,0,Harpreet Brar,"Narendra Modi Stadium, Ahmedabad",S Ravi,VK Sharma
147,1254084,Delhi,01-05-2021,2021,27,Chennai Super Kings,Mumbai Indians,Mumbai Indians,field,N,normal,Mumbai Indians,Wickets,4,0,4,KA Pollard,"Arun Jaitley Stadium, Delhi",KN Ananthapadmanabhan,CK Nandan
148,1254085,Delhi,02-05-2021,2021,28,Rajasthan Royals,Sunrisers Hyderabad,Sunrisers Hyderabad,field,N,normal,Rajasthan Royals,Runs,55,55,0,JC Buttler,"Arun Jaitley Stadium, Delhi",C Shamshuddin,CB Gaffaney
149,1254086,Ahmedabad,02-05-2021,2021,29,Punjab Kings,Delhi Capitals,Delhi Capitals,field,N,normal,Delhi Capitals,Wickets,7,0,7,MA Agarwal,"Narendra Modi Stadium, Ahmedabad",AK Chaudhary,AY Dandekar
150,1254104,Dubai,19-09-2021,2021,30,Chennai Super Kings,Mumbai Indians,Chennai Super Kings,bat,N,normal,Chennai Super Kings,Runs,20,20,0,RD Gaikwad,Dubai International Cricket Stadium,Nitin Menon,RK Illingworth
151,1254087,Abu Dhabi,20-09-2021,2021,31,Royal Challengers Bangalore,Kolkata Knight Riders,Royal Challengers Bangalore,bat,N,normal,Kolkata Knight Riders,Wickets,9,0,9,CV Varun,"Zayed Cricket Stadium, Abu Dhabi",CB Gaffaney,S Ravi
152,1254111,Dubai,21-09-2021,2021,32,Rajasthan Royals,Punjab Kings,Punjab Kings,field,N,normal,Rajasthan Royals,Runs,2,2,0,Kartik Tyagi,Dubai International Cricket Stadium,AK Chaudhary,MA Gough
153,1254105,Dubai,22-09-2021,2021,33,Sunrisers Hyderabad,Delhi Capitals,Sunrisers Hyderabad,bat,N,normal,Delhi Capitals,Wickets,8,0,8,A Nortje,Dubai International Cricket Stadium,KN Ananthapadmanabhan,RK Illingworth
154,1254096,Abu Dhabi,23-09-2021,2021,34,Mumbai Indians,Kolkata Knight Riders,Kolkata Knight Riders,field,N,normal,Kolkata Knight Riders,Wickets,7,0,7,SP Narine,"Zayed Cricket Stadium, Abu Dhabi",S Ravi,VK Sharma
155,1254113,Sharjah,24-09-2021,2021,35,Royal Challengers Bangalore,Chennai Super Kings,Chennai Super Kings,field,N,normal,Chennai Super Kings,Wickets,6,0,6,DJ Bravo,Sharjah Cricket Stadium,AK Chaudhary,Nitin Menon
156,1254107,Abu Dhabi,25-09-2021,2021,36,Delhi Capitals,Rajasthan Royals,Rajasthan Royals,field,N,normal,Delhi Capitals,Runs,33,33,0,SS Iyer,"Zayed Cricket Stadium, Abu Dhabi",CB Gaffaney,UV Gandhe
157,1254097,Sharjah,25-09-2021,2021,37,Punjab Kings,Sunrisers Hyderabad,Sunrisers Hyderabad,field,N,normal,Punjab Kings,Runs,5,5,0,JO Holder,Sharjah Cricket Stadium,RK Illingworth,YC Barde
158,1254108,Abu Dhabi,26-09-2021,2021,38,Kolkata Knight Riders,Chennai Super Kings,Kolkata Knight Riders,bat,N,normal,Chennai Super Kings,Wickets,2,0,2,RA Jadeja,"Zayed Cricket Stadium, Abu Dhabi",CB Gaffaney,Tapan Sharma
159,1254098,Dubai,26-09-2021,2021,39,Royal Challengers Bangalore,Mumbai Indians,Mumbai Indians,field,N,normal,Royal Challengers Bangalore,Runs,54,54,0,GJ Maxwell,Dubai International Cricket Stadium,AK Chaudhary,MA Gough
160,1254100,Dubai,27-09-2021,2021,40,Rajasthan Royals,Sunrisers Hyderabad,Rajasthan Royals,bat,N,normal,Sunrisers Hyderabad,Wickets,7,0,7,JJ Roy,Dubai International Cricket Stadium,KN Ananthapadmanabhan,Navdeep Singh
161,1254092,Sharjah,28-09-2021,2021,41,Delhi Capitals,Kolkata Knight Riders,Kolkata Knight Riders,field,N,normal,Kolkata Knight Riders,Wickets,3,0,3,SP Narine,Sharjah Cricket Stadium,Nitin Menon,HAS Khalid
162,1254099,Abu Dhabi,28-09-2021,2021,42,Punjab Kings,Mumbai Indians,Mumbai Indians,field,N,normal,Mumbai Indians,Wickets,6,0,6,KA Pollard,"Zayed Cricket Stadium, Abu Dhabi",S Ravi,VK Sharma
163,1254103,Dubai,29-09-2021,2021,43,Rajasthan Royals,Royal Challengers Bangalore,Royal Challengers Bangalore,field,N,normal,Royal Challengers Bangalore,Wickets,7,0,7,YS Chahal,Dubai International Cricket Stadium,AY Dandekar,KN Ananthapadmanabhan
164,1254091,Sharjah,30-09-2021,2021,44,Sunrisers Hyderabad,Chennai Super Kings,Chennai Super Kings,field,N,normal,Chennai Super Kings,Wickets,6,0,6,JR Hazlewood,Sharjah Cricket Stadium,Nitin Menon,YC Barde
165,1254102,Dubai,01-10-2021,2021,45,Kolkata Knight Riders,Punjab Kings,Punjab Kings,field,N,normal,Punjab Kings,Wickets,5,0,5,KL Rahul,Dubai International Cricket Stadium,KN Ananthapadmanabhan,RK Illingworth
166,1254089,Sharjah,02-10-2021,2021,46,Mumbai Indians,Delhi Capitals,Delhi Capitals,field,N,normal,Delhi Capitals,Wickets,4,0,4,AR Patel,Sharjah Cricket Stadium,AK Chaudhary,MA Gough
167,1254112,Abu Dhabi,02-10-2021,2021,47,Chennai Super Kings,Rajasthan Royals,Rajasthan Royals,field,N,normal,Rajasthan Royals,Wickets,7,0,7,RD Gaikwad,"Zayed Cricket Stadium, Abu Dhabi",CB Gaffaney,VK Sharma
168,1254090,Sharjah,03-10-2021,2021,48,Royal Challengers Bangalore,Punjab Kings,Royal Challengers Bangalore,bat,N,normal,Royal Challengers Bangalore,Runs,6,6,0,GJ Maxwell,Sharjah Cricket Stadium,KN Ananthapadmanabhan,RK Illingworth
169,1254109,Dubai,03-10-2021,2021,49,Sunrisers Hyderabad,Kolkata Knight Riders,Sunrisers Hyderabad,bat,N,normal,Kolkata Knight Riders,Wickets,6,0,6,Shubman Gill,Dubai International Cricket Stadium,J Madanagopal,MA Gough
170,1254110,Dubai,04-10-2021,2021,50,Chennai Super Kings,Delhi Capitals,Delhi Capitals,field,N,normal,Delhi Capitals,Wickets,3,0,3,AR Patel,Dubai International Cricket Stadium,AK Chaudhary,Nitin Menon
171,1254093,Sharjah,05-10-2021,2021,51,Rajasthan Royals,Mumbai Indians,Mumbai Indians,field,N,normal,Mumbai Indians,Wickets,8,0,8,NM Coulter-Nile,Sharjah Cricket Stadium,AK Chaudhary,MA Gough
172,1254095,Abu Dhabi,06-10-2021,2021,52,Sunrisers Hyderabad,Royal Challengers Bangalore,Royal Challengers Bangalore,field,N,normal,Sunrisers Hyderabad,Runs,4,4,0,KS Williamson,"Zayed Cricket Stadium, Abu Dhabi",S Ravi,UV Gandhe
173,1254094,Dubai,07-10-2021,2021,53,Chennai Super Kings,Punjab Kings,Punjab Kings,field,N,normal,Punjab Kings,Wickets,6,0,6,KL Rahul,Dubai International Cricket Stadium,K Srinivasan,RK Illingworth
174,1254106,Sharjah,07-10-2021,2021,54,Kolkata Knight Riders,Rajasthan Royals,Rajasthan Royals,field,N,normal,Kolkata Knight Riders,Runs,86,86,0,Shivam Mavi,Sharjah Cricket Stadium,MA Gough,HAS Khalid
175,1254101,Abu Dhabi,08-10-2021,2021,55,Mumbai Indians,Sunrisers Hyderabad,Mumbai Indians,bat,N,normal,Mumbai Indians,Runs,42,42,0,Ishan Kishan,"Zayed Cricket Stadium, Abu Dhabi",Tapan Sharma,VK Sharma
176,1254088,Dubai,08-10-2021,2021,56,Delhi Capitals,Royal Challengers Bangalore,Royal Challengers Bangalore,field,N,normal,Royal Challengers Bangalore,Wickets,7,0,7,KS Bharat,Dubai International Cricket Stadium,KN Ananthapadmanabhan,Nitin Menon
177,1254114,Dubai,10-10-2021,2021,57,Delhi Capitals,Chennai Super Kings,Chennai Super Kings,field,N,normal,Chennai Super Kings,Wickets,4,0,4,RD Gaikwad,Dubai International Cricket Stadium,Nitin Menon,RK Illingworth
178,1254115,Sharjah,11-10-2021,2021,58,Royal Challengers Bangalore,Kolkata Knight Riders,Royal Challengers Bangalore,bat,N,normal,Kolkata Knight Riders,Wickets,4,0,4,SP Narine,Sharjah Cricket Stadium,CB Gaffaney,VK Sharma
179,1254116,Sharjah,13-10-2021,2021,59,Delhi Capitals,Kolkata Knight Riders,Kolkata Knight Riders,field,N,normal,Kolkata Knight Riders,Wickets,3,0,3,VR Iyer,Sharjah Cricket Stadium,KN Ananthapadmanabhan,MA Gough
180,1254117,Dubai,15-10-2021,2021,60,Chennai Super Kings,Kolkata Knight Riders,Kolkata Knight Riders,field,N,normal,Chennai Super Kings,Runs,27,27,0,F du Plessis,Dubai International Cricket Stadium,Nitin Menon,RK Illingworth
181,1304047,Mumbai,26-03-2022,2022,1,Chennai Super Kings,Kolkata Knight Riders,Kolkata Knight Riders,field,N,normal,Kolkata Knight Riders,Wickets,6,0,6,UT Yadav,"Wankhede Stadium, Mumbai",AK Chaudhary,Nitin Menon
182,1304048,Mumbai,27-03-2022,2022,2,Mumbai Indians,Delhi Capitals,Delhi Capitals,field,N,normal,Delhi Capitals,Wickets,4,0,4,Kuldeep Yadav,"Brabourne Stadium, Mumbai",RJ Tucker,HAS Khalid
183,1304049,Mumbai,27-03-2022,2022,3,Royal Challengers Bangalore,Punjab Kings,Punjab Kings,field,N,normal,Punjab Kings,Wickets,5,0,5,OF Smith,"Dr DY Patil Sports Academy, Mumbai",Nitin Menon,YC Barde
184,1304050,Mumbai,28-03-2022,2022,4,Lucknow Super Giants,Gujarat Titans,Gujarat Titans,field,N,normal,Gujarat Titans,Wickets,5,0,5,Mohammed Shami,"Wankhede Stadium, Mumbai",PG Pathak,VK Sharma
185,1304051,Pune,29-03-2022,2022,5,Rajasthan Royals,Sunrisers Hyderabad,Sunrisers Hyderabad,field,N,normal,Rajasthan Royals,Runs,61,61,0,SV Samson,"Maharashtra Cricket Association Stadium, Pune",BNJ Oxenford,UV Gandhe
186,1304052,Mumbai,30-03-2022,2022,6,Kolkata Knight Riders,Royal Challengers Bangalore,Royal Challengers Bangalore,field,N,normal,Royal Challengers Bangalore,Wickets,3,0,3,PWH de Silva,"Dr DY Patil Sports Academy, Mumbai",J Madanagopal,Navdeep Singh
187,1304053,Mumbai,31-03-2022,2022,7,Chennai Super Kings,Lucknow Super Giants,Lucknow Super Giants,field,N,normal,Lucknow Super Giants,Wickets,6,0,6,E Lewis,"Brabourne Stadium, Mumbai",RJ Tucker,VK Sharma
188,1304054,Mumbai,01-04-2022,2022,8,Punjab Kings,Kolkata Knight Riders,Kolkata Knight Riders,field,N,normal,Kolkata Knight Riders,Wickets,6,0,6,UT Yadav,"Wankhede Stadium, Mumbai",AK Chaudhary,HAS Khalid
189,1304055,Mumbai,02-04-2022,2022,9,Rajasthan Royals,Mumbai Indians,Mumbai Indians,field,N,normal,Rajasthan Royals,Runs,23,23,0,JC Buttler,"Dr DY Patil Sports Academy, Mumbai",Nitin Menon,PG Pathak
190,1304056,Pune,02-04-2022,2022,10,Gujarat Titans,Delhi Capitals,Delhi Capitals,field,N,normal,Gujarat Titans,Runs,14,14,0,LH Ferguson,"Maharashtra Cricket Association Stadium, Pune",KN Ananthapadmanabhan,UV Gandhe
191,1304057,Mumbai,03-04-2022,2022,11,Punjab Kings,Chennai Super Kings,Chennai Super Kings,field,N,normal,Punjab Kings,Runs,54,54,0,LS Livingstone,"Brabourne Stadium, Mumbai",RJ Tucker,YC Barde
192,1304058,Mumbai,04-04-2022,2022,12,Lucknow Super Giants,Sunrisers Hyderabad,Sunrisers Hyderabad,field,N,normal,Lucknow Super Giants,Runs,12,12,0,Avesh Khan,"Dr DY Patil Sports Academy, Mumbai",J Madanagopal,Navdeep Singh
193,1304059,Mumbai,05-04-2022,2022,13,Rajasthan Royals,Royal Challengers Bangalore,Royal Challengers Bangalore,field,N,normal,Royal Challengers Bangalore,Wickets,4,0,4,KD Karthik,"Wankhede Stadium, Mumbai",AK Chaudhary,HAS Khalid
194,1304060,Pune,06-04-2022,2022,14,Mumbai Indians,Kolkata Knight Riders,Kolkata Knight Riders,field,N,normal,Kolkata Knight Riders,Wickets,5,0,5,PJ Cummins,"Maharashtra Cricket Association Stadium, Pune",BNJ Oxenford,KN Ananthapadmanabhan
195,1304061,Mumbai,07-04-2022,2022,15,Delhi Capitals,Lucknow Super Giants,Lucknow Super Giants,field,N,normal,Lucknow Super Giants,Wickets,6,0,6,Q de Kock,"Dr DY Patil Sports Academy, Mumbai",RJ Tucker,Tapan Sharma
196,1304062,Mumbai,08-04-2022,2022,16,Punjab Kings,Gujarat Titans,Gujarat Titans,field,N,normal,Gujarat Titans,Wickets,6,0,6,Shubman Gill,"Brabourne Stadium, Mumbai",AK Chaudhary,VK Sharma
197,1304063,Mumbai,09-04-2022,2022,17,Chennai Super Kings,Sunrisers Hyderabad,Sunrisers Hyderabad,field,N,normal,Sunrisers Hyderabad,Wickets,8,0,8,Abhishek Sharma,"Dr DY Patil Sports Academy, Mumbai",Navdeep Singh,Nitin Menon
198,1304064,Pune,09-04-2022,2022,18,Mumbai Indians,Royal Challengers Bangalore,Royal Challengers Bangalore,field,N,normal,Royal Challengers Bangalore,Wickets,7,0,7,Anuj Rawat,"Maharashtra Cricket Association Stadium, Pune",BNJ Oxenford,KN Ananthapadmanabhan
199,1304065,Mumbai,10-04-2022,2022,19,Delhi Capitals,Kolkata Knight Riders,Kolkata Knight Riders,field,N,normal,Delhi Capitals,Runs,44,44,0,Kuldeep Yadav,"Brabourne Stadium, Mumbai",CB Gaffaney,J Madanagopal
200,1304066,Mumbai,10-04-2022,2022,20,Rajasthan Royals,Lucknow Super Giants,Lucknow Super Giants,field,N,normal,Rajasthan Royals,Runs,3,3,0,YS Chahal,"Wankhede Stadium, Mumbai",AK Chaudhary,Tapan Sharma
201,1304067,Mumbai,11-04-2022,2022,21,Gujarat Titans,Sunrisers Hyderabad,Sunrisers Hyderabad,field,N,normal,Sunrisers Hyderabad,Wickets,8,0,8,KS Williamson,"Dr DY Patil Sports Academy, Mumbai",Chirra Ravikanthreddy,RJ Tucker
202,1304068,Mumbai,12-04-2022,2022,22,Chennai Super Kings,Royal Challengers Bangalore,Royal Challengers Bangalore,field,N,normal,Chennai Super Kings,Runs,23,23,0,S Dube,"Dr DY Patil Sports Academy, Mumbai",Nitin Menon,N Pandit
203,1304069,Pune,13-04-2022,2022,23,Punjab Kings,Mumbai Indians,Mumbai Indians,field,N,normal,Punjab Kings,Runs,12,12,0,MA Agarwal,"Maharashtra Cricket Association Stadium, Pune",BNJ Oxenford,UV Gandhe
204,1304070,Mumbai,14-04-2022,2022,24,Gujarat Titans,Rajasthan Royals,Rajasthan Royals,field,N,normal,Gujarat Titans,Runs,37,37,0,HH Pandya,"Dr DY Patil Sports Academy, Mumbai",CB Gaffaney,R Pandit
205,1304071,Mumbai,15-04-2022,2022,25,Kolkata Knight Riders,Sunrisers Hyderabad,Sunrisers Hyderabad,field,N,normal,Sunrisers Hyderabad,Wickets,7,0,7,RA Tripathi,"Brabourne Stadium, Mumbai",GR Sadashiv Iyer,VK Sharma
206,1304072,Mumbai,16-04-2022,2022,26,Lucknow Super Giants,Mumbai Indians,Mumbai Indians,field,N,normal,Lucknow Super Giants,Runs,18,18,0,KL Rahul,"Brabourne Stadium, Mumbai",AK Chaudhary,NA Patwardhan
207,1304073,Mumbai,16-04-2022,2022,27,Royal Challengers Bangalore,Delhi Capitals,Delhi Capitals,field,N,normal,Royal Challengers Bangalore,Runs,16,16,0,KD Karthik,"Wankhede Stadium, Mumbai",Chirra Ravikanthreddy,J Madanagopal
208,1304074,Mumbai,17-04-2022,2022,28,Punjab Kings,Sunrisers Hyderabad,Sunrisers Hyderabad,field,N,normal,Sunrisers Hyderabad,Wickets,7,0,7,Umran Malik,"Dr DY Patil Sports Academy, Mumbai",PG Pathak,R Pandit
209,1304075,Pune,17-04-2022,2022,29,Chennai Super Kings,Gujarat Titans,Gujarat Titans,field,N,normal,Gujarat Titans,Wickets,3,0,3,DA Miller,"Maharashtra Cricket Association Stadium, Pune",KN Ananthapadmanabhan,UV Gandhe
210,1304076,Mumbai,18-04-2022,2022,30,Rajasthan Royals,Kolkata Knight Riders,Kolkata Knight Riders,field,N,normal,Rajasthan Royals,Runs,7,7,0,YS Chahal,"Brabourne Stadium, Mumbai",GR Sadashiv Iyer,VK Sharma
211,1304077,Mumbai,19-04-2022,2022,31,Royal Challengers Bangalore,Lucknow Super Giants,Lucknow Super Giants,field,N,normal,Royal Challengers Bangalore,Runs,18,18,0,F du Plessis,"Dr DY Patil Sports Academy, Mumbai",CB Gaffaney,N Pandit
212,1304078,Mumbai,20-04-2022,2022,32,Punjab Kings,Delhi Capitals,Delhi Capitals,field,N,normal,Delhi Capitals,Wickets,9,0,9,Kuldeep Yadav,"Brabourne Stadium, Mumbai",RJ Tucker,Tapan Sharma
213,1304079,Navi Mumbai,21-04-2022,2022,33,Mumbai Indians,Chennai Super Kings,Chennai Super Kings,field,N,normal,Chennai Super Kings,Wickets,3,0,3,Mukesh Choudhary,"Dr DY Patil Sports Academy, Mumbai",BNJ Oxenford,UV Gandhe
214,1304080,Mumbai,22-04-2022,2022,34,Rajasthan Royals,Delhi Capitals,Delhi Capitals,field,N,normal,Rajasthan Royals,Runs,15,15,0,JC Buttler,"Wankhede Stadium, Mumbai",NA Patwardhan,Nitin Menon
215,1304081,Navi Mumbai,23-04-2022,2022,35,Gujarat Titans,Kolkata Knight Riders,Gujarat Titans,bat,N,normal,Gujarat Titans,Runs,8,8,0,Rashid Khan,"Dr DY Patil Sports Academy, Mumbai",KN Ananthapadmanabhan,UV Gandhe
216,1304082,Mumbai,23-04-2022,2022,36,Royal Challengers Bangalore,Sunrisers Hyderabad,Sunrisers Hyderabad,field,N,normal,Sunrisers Hyderabad,Wickets,9,0,9,M Jansen,"Brabourne Stadium, Mumbai",Chirra Ravikanthreddy,J Madanagopal
217,1304083,Mumbai,24-04-2022,2022,37,Lucknow Super Giants,Mumbai Indians,Mumbai Indians,field,N,normal,Lucknow Super Giants,Runs,36,36,0,KL Rahul,"Wankhede Stadium, Mumbai",M Erasmus,HAS Khalid
218,1304084,Mumbai,25-04-2022,2022,38,Punjab Kings,Chennai Super Kings,Chennai Super Kings,field,N,normal,Punjab Kings,Runs,11,11,0,S Dhawan,"Wankhede Stadium, Mumbai",M Erasmus,Tapan Sharma
219,1304085,Pune,26-04-2022,2022,39,Rajasthan Royals,Royal Challengers Bangalore,Royal Challengers Bangalore,field,N,normal,Rajasthan Royals,Runs,29,29,0,R Parag,"Maharashtra Cricket Association Stadium, Pune",BNJ Oxenford,KN Ananthapadmanabhan
220,1304086,Mumbai,27-04-2022,2022,40,Sunrisers Hyderabad,Gujarat Titans,Gujarat Titans,field,N,normal,Gujarat Titans,Wickets,5,0,5,Umran Malik,"Wankhede Stadium, Mumbai",CB Gaffaney,Navdeep Singh
221,1304087,Mumbai,28-04-2022,2022,41,Kolkata Knight Riders,Delhi Capitals,Delhi Capitals,field,N,normal,Delhi Capitals,Wickets,4,0,4,Kuldeep Yadav,"Wankhede Stadium, Mumbai",AK Chaudhary,PG Pathak
222,1304088,Pune,29-04-2022,2022,42,Lucknow Super Giants,Punjab Kings,Punjab Kings,field,N,normal,Lucknow Super Giants,Runs,20,20,0,KH Pandya,"Maharashtra Cricket Association Stadium, Pune",MA Gough,UV Gandhe
223,1304089,Mumbai,30-04-2022,2022,43,Royal Challengers Bangalore,Gujarat Titans,Royal Challengers Bangalore,bat,N,normal,Gujarat Titans,Wickets,6,0,6,R Tewatia,"Brabourne Stadium, Mumbai",HAS Khalid,VK Sharma
224,1304090,Navi Mumbai,30-04-2022,2022,44,Rajasthan Royals,Mumbai Indians,Mumbai Indians,field,N,normal,Mumbai Indians,Wickets,5,0,5,SA Yadav,"Dr DY Patil Sports Academy, Mumbai",BNJ Oxenford,YC Barde
225,1304091,Mumbai,01-05-2022,2022,45,Lucknow Super Giants,Delhi Capitals,Lucknow Super Giants,bat,N,normal,Lucknow Super Giants,Runs,6,6,0,Mohsin Khan,"Wankhede Stadium, Mumbai",Chirra Ravikanthreddy,CB Gaffaney
226,1304092,Pune,01-05-2022,2022,46,Chennai Super Kings,Sunrisers Hyderabad,Sunrisers Hyderabad,field,N,normal,Chennai Super Kings,Runs,13,13,0,RD Gaikwad,"Maharashtra Cricket Association Stadium, Pune",AK Chaudhary,KN Ananthapadmanabhan
227,1304093,Mumbai,02-05-2022,2022,47,Rajasthan Royals,Kolkata Knight Riders,Kolkata Knight Riders,field,N,normal,Kolkata Knight Riders,Wickets,7,0,7,RK Singh,"Wankhede Stadium, Mumbai",J Madanagopal,N Pandit
228,1304094,Navi Mumbai,03-05-2022,2022,48,Gujarat Titans,Punjab Kings,Gujarat Titans,bat,N,normal,Punjab Kings,Wickets,8,0,8,K Rabada,"Dr DY Patil Sports Academy, Mumbai",R Pandit,VK Sharma
229,1304095,Pune,04-05-2022,2022,49,Royal Challengers Bangalore,Chennai Super Kings,Chennai Super Kings,field,N,normal,Royal Challengers Bangalore,Runs,13,13,0,HV Patel,"Maharashtra Cricket Association Stadium, Pune",KN Ananthapadmanabhan,MA Gough
230,1304096,Mumbai,05-05-2022,2022,50,Delhi Capitals,Sunrisers Hyderabad,Sunrisers Hyderabad,field,N,normal,Delhi Capitals,Runs,21,21,0,DA Warner,"Brabourne Stadium, Mumbai",Navdeep Singh,NA Patwardhan
231,1304097,Mumbai,06-05-2022,2022,51,Mumbai Indians,Gujarat Titans,Gujarat Titans,field,N,normal,Mumbai Indians,Runs,5,5,0,TH David,"Brabourne Stadium, Mumbai",J Madanagopal,GR Sadashiv Iyer
232,1304099,Mumbai,07-05-2022,2022,52,Punjab Kings,Rajasthan Royals,Punjab Kings,bat,N,normal,Rajasthan Royals,Wickets,6,0,6,YBK Jaiswal,"Wankhede Stadium, Mumbai",Chirra Ravikanthreddy,YC Barde
233,1304098,Pune,07-05-2022,2022,53,Lucknow Super Giants,Kolkata Knight Riders,Kolkata Knight Riders,field,N,normal,Lucknow Super Giants,Runs,75,75,0,Avesh Khan,"Maharashtra Cricket Association Stadium, Pune",AK Chaudhary,MA Gough
234,1304100,Mumbai,08-05-2022,2022,54,Royal Challengers Bangalore,Sunrisers Hyderabad,Royal Challengers Bangalore,bat,N,normal,Royal Challengers Bangalore,Runs,67,67,0,PWH de Silva,"Wankhede Stadium, Mumbai",BNJ Oxenford,N Pandit
235,1304101,Navi Mumbai,08-05-2022,2022,55,Chennai Super Kings,Delhi Capitals,Delhi Capitals,field,N,normal,Chennai Super Kings,Runs,91,91,0,DP Conway,"Dr DY Patil Sports Academy, Mumbai",Nitin Menon,R Pandit
236,1304102,Navi Mumbai,09-05-2022,2022,56,Kolkata Knight Riders,Mumbai Indians,Mumbai Indians,field,N,normal,Kolkata Knight Riders,Runs,52,52,0,JJ Bumrah,"Dr DY Patil Sports Academy, Mumbai",CB Gaffaney,GR Sadashiv Iyer
237,1304103,Pune,10-05-2022,2022,57,Gujarat Titans,Lucknow Super Giants,Gujarat Titans,bat,N,normal,Gujarat Titans,Runs,62,62,0,Shubman Gill,"Maharashtra Cricket Association Stadium, Pune",KN Ananthapadmanabhan,MA Gough
238,1304104,Navi Mumbai,11-05-2022,2022,58,Rajasthan Royals,Delhi Capitals,Delhi Capitals,field,N,normal,Delhi Capitals,Wickets,8,0,8,MR Marsh,"Dr DY Patil Sports Academy, Mumbai",NA Patwardhan,Nitin Menon
239,1304105,Mumbai,12-05-2022,2022,59,Chennai Super Kings,Mumbai Indians,Mumbai Indians,field,N,normal,Mumbai Indians,Wickets,5,0,5,DR Sams,"Wankhede Stadium, Mumbai",Chirra Ravikanthreddy,CB Gaffaney
240,1304106,Mumbai,13-05-2022,2022,60,Punjab Kings,Royal Challengers Bangalore,Royal Challengers Bangalore,field,N,normal,Punjab Kings,Runs,54,54,0,JM Bairstow,"Brabourne Stadium, Mumbai",J Madanagopal,N Pandit
241,1304107,Pune,14-05-2022,2022,61,Kolkata Knight Riders,Sunrisers Hyderabad,Kolkata Knight Riders,bat,N,normal,Kolkata Knight Riders,Runs,54,54,0,AD Russell,"Maharashtra Cricket Association Stadium, Pune",AK Chaudhary,KN Ananthapadmanabhan
242,1304108,Mumbai,15-05-2022,2022,62,Chennai Super Kings,Gujarat Titans,Chennai Super Kings,bat,N,normal,Gujarat Titans,Wickets,7,0,7,WP Saha,"Wankhede Stadium, Mumbai",R Pandit,VK Sharma
243,1304109,Mumbai,15-05-2022,2022,63,Rajasthan Royals,Lucknow Super Giants,Rajasthan Royals,bat,N,normal,Rajasthan Royals,Runs,24,24,0,TA Boult,"Brabourne Stadium, Mumbai",PG Pathak,Tapan Sharma
244,1304110,Navi Mumbai,16-05-2022,2022,64,Delhi Capitals,Punjab Kings,Punjab Kings,field,N,normal,Delhi Capitals,Runs,17,17,0,SN Thakur,"Dr DY Patil Sports Academy, Mumbai",GR Sadashiv Iyer,Nitin Menon
245,1304111,Mumbai,17-05-2022,2022,65,Sunrisers Hyderabad,Mumbai Indians,Mumbai Indians,field,N,normal,Sunrisers Hyderabad,Runs,3,3,0,RA Tripathi,"Wankhede Stadium, Mumbai",CB Gaffaney,N Pandit
246,1304112,Navi Mumbai,18-05-2022,2022,66,Lucknow Super Giants,Kolkata Knight Riders,Lucknow Super Giants,bat,N,normal,Lucknow Super Giants,Runs,2,2,0,Q de Kock,"Dr DY Patil Sports Academy, Mumbai",R Pandit,YC Barde
247,1304113,Mumbai,19-05-2022,2022,67,Gujarat Titans,Royal Challengers Bangalore,Gujarat Titans,bat,N,normal,Royal Challengers Bangalore,Wickets,8,0,8,V Kohli,"Wankhede Stadium, Mumbai",KN Ananthapadmanabhan,GR Sadashiv Iyer
248,1304114,Mumbai,20-05-2022,2022,68,Chennai Super Kings,Rajasthan Royals,Chennai Super Kings,bat,N,normal,Rajasthan Royals,Wickets,5,0,5,R Ashwin,"Brabourne Stadium, Mumbai",CB Gaffaney,NA Patwardhan
249,1304115,Mumbai,21-05-2022,2022,69,Delhi Capitals,Mumbai Indians,Mumbai Indians,field,N,normal,Mumbai Indians,Wickets,5,0,5,JJ Bumrah,"Wankhede Stadium, Mumbai",Nitin Menon,Tapan Sharma
250,1304116,Mumbai,22-05-2022,2022,70,Sunrisers Hyderabad,Punjab Kings,Sunrisers Hyderabad,bat,N,normal,Punjab Kings,Wickets,5,0,5,Harpreet Brar,"Wankhede Stadium, Mumbai",AK Chaudhary,NA Patwardhan
251,1312197,Kolkata,24-05-2022,2022,71,Rajasthan Royals,Gujarat Titans,Gujarat Titans,field,N,normal,Gujarat Titans,Wickets,7,0,7,DA Miller,"Eden Gardens, Kolkata",BNJ Oxenford,VK Sharma
252,1312198,Kolkata,25-05-2022,2022,72,Royal Challengers Bangalore,Lucknow Super Giants,Lucknow Super Giants,field,N,normal,Royal Challengers Bangalore,Runs,14,14,0,RM Patidar,"Eden Gardens, Kolkata",J Madanagopal,MA Gough
253,1312199,Ahmedabad,27-05-2022,2022,73,Royal Challengers Bangalore,Rajasthan Royals,Rajasthan Royals,field,N,normal,Rajasthan Royals,Wickets,7,0,7,JC Buttler,"Narendra Modi Stadium, Ahmedabad",CB Gaffaney,Nitin Menon
254,1312200,Ahmedabad,29-05-2022,2022,74,Rajasthan Royals,Gujarat Titans,Rajasthan Royals,bat,N,normal,Gujarat Titans,Wickets,7,0,7,HH Pandya,"Narendra Modi Stadium, Ahmedabad",CB Gaffaney,Nitin Menon
255,1359475,Ahmedabad,31-03-2023,2023,1,Chennai Super Kings,Gujarat Titans,Gujarat Titans,field,N,normal,Gujarat Titans,Wickets,5,0,5,Rashid Khan,"Narendra Modi Stadium, Ahmedabad",Nitin Menon,HAS Khalid
256,1359476,Chandigarh,01-04-2023,2023,2,Punjab Kings,Kolkata Knight Riders,Kolkata Knight Riders,field,N,normal,Punjab Kings,Runs,7,7,0,Arshdeep Singh,"Punjab Cricket Association IS Bindra Stadium, Mohali, Chandigarh",BNJ Oxenford,YC Barde
257,1359477,Lucknow,01-04-2023,2023,3,Lucknow Super Giants,Delhi Capitals,Delhi Capitals,field,N,normal,Lucknow Super Giants,Runs,50,50,0,MA Wood,"Bharat Ratna Shri Atal Bihari Vajpayee Ekana Cricket Stadium, Lucknow",AK Chaudhary,NA Patwardhan
258,1359479,Bengaluru,02-04-2023,2023,5,Mumbai Indians,Royal Challengers Bangalore,Royal Challengers Bangalore,field,N,normal,Royal Challengers Bangalore,Wickets,8,0,8,F du Plessis,"M Chinnaswamy Stadium, Bengaluru",Nitin Menon,Tapan Sharma
259,1359478,Hyderabad,02-04-2023,2023,4,Rajasthan Royals,Sunrisers Hyderabad,Sunrisers Hyderabad,field,N,normal,Rajasthan Royals,Runs,72,72,0,JC Buttler,"Rajiv Gandhi International Stadium, Uppal, Hyderabad",KN Ananthapadmanabhan,R Pandit
260,1359480,Chennai,03-04-2023,2023,6,Chennai Super Kings,Lucknow Super Giants,Lucknow Super Giants,field,N,normal,Chennai Super Kings,Runs,12,12,0,MM Ali,"MA Chidambaram Stadium, Chepauk, Chennai",A Totre,BNJ Oxenford
261,1359481,Delhi,04-04-2023,2023,7,Delhi Capitals,Gujarat Titans,Gujarat Titans,field,N,normal,Gujarat Titans,Wickets,6,0,6,B Sai Sudharsan,"Arun Jaitley Stadium, Delhi",A Nand Kishore,GR Sadashiv Iyer
262,1359482,Guwahati,05-04-2023,2023,8,Punjab Kings,Rajasthan Royals,Rajasthan Royals,field,N,normal,Punjab Kings,Runs,5,5,0,NT Ellis,"Barsapara Cricket Stadium, Guwahati",KN Ananthapadmanabhan,MV Saidharshan Kumar
263,1359483,Kolkata,06-04-2023,2023,9,Kolkata Knight Riders,Royal Challengers Bangalore,Royal Challengers Bangalore,field,N,normal,Kolkata Knight Riders,Runs,81,81,0,SN Thakur,"Eden Gardens, Kolkata",Vinod Seshan,VK Sharma
264,1359484,Lucknow,07-04-2023,2023,10,Sunrisers Hyderabad,Lucknow Super Giants,Sunrisers Hyderabad,bat,N,normal,Lucknow Super Giants,Wickets,5,0,5,KH Pandya,"Bharat Ratna Shri Atal Bihari Vajpayee Ekana Cricket Stadium, Lucknow",J Madanagopal,YC Barde
265,1359485,Guwahati,08-04-2023,2023,11,Rajasthan Royals,Delhi Capitals,Delhi Capitals,field,N,normal,Rajasthan Royals,Runs,57,57,0,YBK Jaiswal,"Barsapara Cricket Stadium, Guwahati",Navdeep Singh,MV Saidharshan Kumar
266,1359486,Mumbai,08-04-2023,2023,12,Mumbai Indians,Chennai Super Kings,Chennai Super Kings,field,N,normal,Chennai Super Kings,Wickets,7,0,7,RA Jadeja,"Wankhede Stadium, Mumbai",CB Gaffaney,NA Patwardhan
267,1359487,Ahmedabad,09-04-2023,2023,13,Gujarat Titans,Kolkata Knight Riders,Gujarat Titans,bat,N,normal,Kolkata Knight Riders,Wickets,3,0,3,RK Singh,"Narendra Modi Stadium, Ahmedabad",Nitin Menon,Tapan Sharma
268,1359488,Hyderabad,09-04-2023,2023,14,Punjab Kings,Sunrisers Hyderabad,Sunrisers Hyderabad,field,N,normal,Sunrisers Hyderabad,Wickets,8,0,8,S Dhawan,"Rajiv Gandhi International Stadium, Uppal, Hyderabad",BNJ Oxenford,UV Gandhe
269,1359489,Bengaluru,10-04-2023,2023,15,Royal Challengers Bangalore,Lucknow Super Giants,Lucknow Super Giants,field,N,normal,Lucknow Super Giants,Wickets,1,0,1,N Pooran,"M Chinnaswamy Stadium, Bengaluru",AK Chaudhary,A Nand Kishore
270,1359490,Delhi,11-04-2023,2023,16,Delhi Capitals,Mumbai Indians,Mumbai Indians,field,N,normal,Mumbai Indians,Wickets,6,0,6,RG Sharma,"Arun Jaitley Stadium, Delhi",MA Gough,R Pandit
271,1359491,Chennai,12-04-2023,2023,17,Rajasthan Royals,Chennai Super Kings,Chennai Super Kings,field,N,normal,Rajasthan Royals,Runs,3,3,0,R Ashwin,"MA Chidambaram Stadium, Chepauk, Chennai",Vinod Seshan,VK Sharma
272,1359492,Chandigarh,13-04-2023,2023,18,Punjab Kings,Gujarat Titans,Gujarat Titans,field,N,normal,Gujarat Titans,Wickets,6,0,6,MM Sharma,"Punjab Cricket Association IS Bindra Stadium, Mohali, Chandigarh",A Totre,J Madanagopal
273,1359493,Kolkata,14-04-2023,2023,19,Sunrisers Hyderabad,Kolkata Knight Riders,Kolkata Knight Riders,field,N,normal,Sunrisers Hyderabad,Runs,23,23,0,HC Brook,"Eden Gardens, Kolkata",CB Gaffaney,GR Sadashiv Iyer
274,1359494,Bengaluru,15-04-2023,2023,20,Royal Challengers Bangalore,Delhi Capitals,Delhi Capitals,field,N,normal,Royal Challengers Bangalore,Runs,23,23,0,V Kohli,"M Chinnaswamy Stadium, Bengaluru",KN Ananthapadmanabhan,MV Saidharshan Kumar
275,1359495,Lucknow,15-04-2023,2023,21,Lucknow Super Giants,Punjab Kings,Punjab Kings,field,N,normal,Punjab Kings,Wickets,2,0,2,Sikandar Raza,"Bharat Ratna Shri Atal Bihari Vajpayee Ekana Cricket Stadium, Lucknow",HAS Khalid,VK Sharma
276,1359496,Mumbai,16-04-2023,2023,22,Kolkata Knight Riders,Mumbai Indians,Mumbai Indians,field,N,normal,Mumbai Indians,Wickets,5,0,5,VR Iyer,"Wankhede Stadium, Mumbai",BNJ Oxenford,UV Gandhe
277,1359497,Ahmedabad,16-04-2023,2023,23,Gujarat Titans,Rajasthan Royals,Rajasthan Royals,field,N,normal,Rajasthan Royals,Wickets,3,0,3,SO Hetmyer,"Narendra Modi Stadium, Ahmedabad",AK Chaudhary,CB Gaffaney
278,1359498,Bengaluru,17-04-2023,2023,24,Chennai Super Kings,Royal Challengers Bangalore,Royal Challengers Bangalore,field,N,normal,Chennai Super Kings,Runs,8,8,0,DP Conway,"M Chinnaswamy Stadium, Bengaluru",KN Ananthapadmanabhan,Navdeep Singh
279,1359499,Hyderabad,18-04-2023,2023,25,Mumbai Indians,Sunrisers Hyderabad,Sunrisers Hyderabad,field,N,normal,Mumbai Indians,Runs,14,14,0,C Green,"Rajiv Gandhi International Stadium, Uppal, Hyderabad",Nitin Menon,Vinod Seshan
280,1359500,Jaipur,19-04-2023,2023,26,Lucknow Super Giants,Rajasthan Royals,Rajasthan Royals,field,N,normal,Lucknow Super Giants,Runs,10,10,0,MP Stoinis,"Sawai Mansingh Stadium, Jaipur",J Madanagopal,YC Barde
281,1359501,Chandigarh,20-04-2023,2023,27,Royal Challengers Bangalore,Punjab Kings,Punjab Kings,field,N,normal,Royal Challengers Bangalore,Runs,24,24,0,Mohammed Siraj,"Punjab Cricket Association IS Bindra Stadium, Mohali, Chandigarh",AK Chaudhary,GR Sadashiv Iyer
282,1359502,Delhi,20-04-2023,2023,28,Kolkata Knight Riders,Delhi Capitals,Delhi Capitals,field,N,normal,Delhi Capitals,Wickets,4,0,4,I Sharma,"Arun Jaitley Stadium, Delhi",MA Gough,R Pandit
283,1359503,Chennai,21-04-2023,2023,29,Sunrisers Hyderabad,Chennai Super Kings,Chennai Super Kings,field,N,normal,Chennai Super Kings,Wickets,7,0,7,RA Jadeja,"MA Chidambaram Stadium, Chepauk, Chennai",HAS Khalid,VK Sharma
284,1359504,Lucknow,22-04-2023,2023,30,Gujarat Titans,Lucknow Super Giants,Gujarat Titans,bat,N,normal,Gujarat Titans,Runs,7,7,0,MM Sharma,"Bharat Ratna Shri Atal Bihari Vajpayee Ekana Cricket Stadium, Lucknow",A Totre,RJ Tucker
285,1359505,Mumbai,22-04-2023,2023,31,Punjab Kings,Mumbai Indians,Mumbai Indians,field,N,normal,Punjab Kings,Runs,13,13,0,SM Curran,"Wankhede Stadium, Mumbai",CB Gaffaney,GR Sadashiv Iyer
286,1359507,Kolkata,23-04-2023,2023,33,Chennai Super Kings,Kolkata Knight Riders,Kolkata Knight Riders,field,N,normal,Chennai Super Kings,Runs,49,49,0,AM Rahane,"Eden Gardens, Kolkata",Nitin Menon,Tapan Sharma
287,1359506,Bengaluru,23-04-2023,2023,32,Royal Challengers Bangalore,Rajasthan Royals,Rajasthan Royals,field,N,normal,Royal Challengers Bangalore,Runs,7,7,0,GJ Maxwell,"M Chinnaswamy Stadium, Bengaluru",MA Gough,MV Saidharshan Kumar
288,1359508,Hyderabad,24-04-2023,2023,34,Delhi Capitals,Sunrisers Hyderabad,Delhi Capitals,bat,N,normal,Delhi Capitals,Runs,7,7,0,AR Patel,"Rajiv Gandhi International Stadium, Uppal, Hyderabad",J Madanagopal,RJ Tucker
289,1359509,Ahmedabad,25-04-2023,2023,35,Gujarat Titans,Mumbai Indians,Mumbai Indians,field,N,normal,Gujarat Titans,Runs,55,55,0,A Manohar,"Narendra Modi Stadium, Ahmedabad",AK Chaudhary,A Nand Kishore
290,1359510,Bengaluru,26-04-2023,2023,36,Kolkata Knight Riders,Royal Challengers Bangalore,Royal Challengers Bangalore,field,N,normal,Kolkata Knight Riders,Runs,21,21,0,CV Varun,"M Chinnaswamy Stadium, Bengaluru",KN Ananthapadmanabhan,R Pandit
291,1359511,Jaipur,27-04-2023,2023,37,Rajasthan Royals,Chennai Super Kings,Rajasthan Royals,bat,N,normal,Rajasthan Royals,Runs,32,32,0,YBK Jaiswal,"Sawai Mansingh Stadium, Jaipur",A Totre,YC Barde
292,1359512,Chandigarh,28-04-2023,2023,38,Lucknow Super Giants,Punjab Kings,Punjab Kings,field,N,normal,Lucknow Super Giants,Runs,56,56,0,MP Stoinis,"Punjab Cricket Association IS Bindra Stadium, Mohali, Chandigarh",Nitin Menon,Vinod Seshan
293,1359513,Kolkata,29-04-2023,2023,39,Kolkata Knight Riders,Gujarat Titans,Gujarat Titans,field,N,normal,Gujarat Titans,Wickets,7,0,7,J Little,"Eden Gardens, Kolkata",NA Patwardhan,GR Sadashiv Iyer
294,1359514,Delhi,29-04-2023,2023,40,Sunrisers Hyderabad,Delhi Capitals,Sunrisers Hyderabad,bat,N,normal,Sunrisers Hyderabad,Runs,9,9,0,MR Marsh,"Arun Jaitley Stadium, Delhi",MA Gough,Navdeep Singh
295,1359515,Chennai,30-04-2023,2023,41,Chennai Super Kings,Punjab Kings,Chennai Super Kings,bat,N,normal,Punjab Kings,Wickets,4,0,4,DP Conway,"MA Chidambaram Stadium, Chepauk, Chennai",RJ Tucker,UV Gandhe
296,1359516,Mumbai,30-04-2023,2023,42,Rajasthan Royals,Mumbai Indians,Rajasthan Royals,bat,N,normal,Mumbai Indians,Wickets,6,0,6,YBK Jaiswal,"Wankhede Stadium, Mumbai",Vinod Seshan,VK Sharma
297,1359517,Lucknow,01-05-2023,2023,43,Royal Challengers Bangalore,Lucknow Super Giants,Royal Challengers Bangalore,bat,N,normal,Royal Challengers Bangalore,Runs,18,18,0,F du Plessis,"Bharat Ratna Shri Atal Bihari Vajpayee Ekana Cricket Stadium, Lucknow",AK Chaudhary,GR Sadashiv Iyer
298,1359518,Ahmedabad,02-05-2023,2023,44,Delhi Capitals,Gujarat Titans,Delhi Capitals,bat,N,normal,Delhi Capitals,Runs,5,5,0,Mohammed Shami,"Narendra Modi Stadium, Ahmedabad",MA Gough,R Pandit
299,1359520,Chandigarh,03-05-2023,2023,46,Punjab Kings,Mumbai Indians,Mumbai Indians,field,N,normal,Mumbai Indians,Wickets,6,0,6,Ishan Kishan,"Punjab Cricket Association IS Bindra Stadium, Mohali, Chandigarh",J Madanagopal,RJ Tucker
300,1359519,Lucknow,03-05-2023,2023,45,Lucknow Super Giants,Chennai Super Kings,Chennai Super Kings,field,N,no result,No result,No result,0,0,0,,"Bharat Ratna Shri Atal Bihari Vajpayee Ekana Cricket Stadium, Lucknow",AK Chaudhary,NA Patwardhan
301,1359521,Hyderabad,04-05-2023,2023,47,Kolkata Knight Riders,Sunrisers Hyderabad,Kolkata Knight Riders,bat,N,normal,Kolkata Knight Riders,Runs,5,5,0,CV Varun,"Rajiv Gandhi International Stadium, Uppal, Hyderabad",KN Ananthapadmanabhan,MA Gough
302,1359522,Jaipur,05-05-2023,2023,48,Rajasthan Royals,Gujarat Titans,Rajasthan Royals,bat,N,normal,Gujarat Titans,Wickets,9,0,9,Rashid Khan,"Sawai Mansingh Stadium, Jaipur",HAS Khalid,VK Sharma
303,1359523,Chennai,06-05-2023,2023,49,Mumbai Indians,Chennai Super Kings,Chennai Super Kings,field,N,normal,Chennai Super Kings,Wickets,6,0,6,M Pathirana,"MA Chidambaram Stadium, Chepauk, Chennai",BNJ Oxenford,Navdeep Singh
304,1359524,Delhi,06-05-2023,2023,50,Royal Challengers Bangalore,Delhi Capitals,Royal Challengers Bangalore,bat,N,normal,Delhi Capitals,Wickets,7,0,7,PD Salt,"Arun Jaitley Stadium, Delhi",RJ Tucker,YC Barde
305,1359525,Ahmedabad,07-05-2023,2023,51,Gujarat Titans,Lucknow Super Giants,Lucknow Super Giants,field,N,normal,Gujarat Titans,Runs,56,56,0,Shubman Gill,"Narendra Modi Stadium, Ahmedabad",AK Chaudhary,A Nand Kishore
306,1359526,Jaipur,07-05-2023,2023,52,Rajasthan Royals,Sunrisers Hyderabad,Rajasthan Royals,bat,N,normal,Sunrisers Hyderabad,Wickets,4,0,4,GD Phillips,"Sawai Mansingh Stadium, Jaipur",Nitin Menon,Vinod Seshan
307,1359527,Kolkata,08-05-2023,2023,53,Punjab Kings,Kolkata Knight Riders,Punjab Kings,bat,N,normal,Kolkata Knight Riders,Wickets,5,0,5,AD Russell,"Eden Gardens, Kolkata",A Totre,J Madanagopal
308,1359528,Mumbai,09-05-2023,2023,54,Royal Challengers Bangalore,Mumbai Indians,Mumbai Indians,field,N,normal,Mumbai Indians,Wickets,6,0,6,SA Yadav,"Wankhede Stadium, Mumbai",HAS Khalid,VK Sharma
309,1359529,Chennai,10-05-2023,2023,55,Chennai Super Kings,Delhi Capitals,Chennai Super Kings,bat,N,normal,Chennai Super Kings,Runs,27,27,0,RA Jadeja,"MA Chidambaram Stadium, Chepauk, Chennai",CB Gaffaney,NA Patwardhan
310,1359530,Kolkata,11-05-2023,2023,56,Kolkata Knight Riders,Rajasthan Royals,Rajasthan Royals,field,N,normal,Rajasthan Royals,Wickets,9,0,9,YBK Jaiswal,"Eden Gardens, Kolkata",RJ Tucker,MV Saidharshan Kumar
311,1359531,Mumbai,12-05-2023,2023,57,Mumbai Indians,Gujarat Titans,Gujarat Titans,field,N,normal,Mumbai Indians,Runs,27,27,0,SA Yadav,"Wankhede Stadium, Mumbai",Nitin Menon,Tapan Sharma
312,1359533,Delhi,13-05-2023,2023,59,Punjab Kings,Delhi Capitals,Delhi Capitals,field,N,normal,Punjab Kings,Runs,31,31,0,P Simran Singh,"Arun Jaitley Stadium, Delhi",CB Gaffaney,NA Patwardhan
313,1359532,Hyderabad,13-05-2023,2023,58,Sunrisers Hyderabad,Lucknow Super Giants,Sunrisers Hyderabad,bat,N,normal,Lucknow Super Giants,Wickets,7,0,7,PN Mankad,"Rajiv Gandhi International Stadium, Uppal, Hyderabad",A Totre,J Madanagopal
314,1359534,Jaipur,14-05-2023,2023,60,Royal Challengers Bangalore,Rajasthan Royals,Royal Challengers Bangalore,bat,N,normal,Royal Challengers Bangalore,Runs,112,112,0,WD Parnell,"Sawai Mansingh Stadium, Jaipur",KN Ananthapadmanabhan,Navdeep Singh
315,1359535,Chennai,14-05-2023,2023,61,Chennai Super Kings,Kolkata Knight Riders,Chennai Super Kings,bat,N,normal,Kolkata Knight Riders,Wickets,6,0,6,RK Singh,"MA Chidambaram Stadium, Chepauk, Chennai",Tapan Sharma,Vinod Seshan
316,1359536,Ahmedabad,15-05-2023,2023,62,Gujarat Titans,Sunrisers Hyderabad,Sunrisers Hyderabad,field,N,normal,Gujarat Titans,Runs,34,34,0,Shubman Gill,"Narendra Modi Stadium, Ahmedabad",J Madanagopal,UV Gandhe
317,1359537,Lucknow,16-05-2023,2023,63,Lucknow Super Giants,Mumbai Indians,Mumbai Indians,field,N,normal,Lucknow Super Giants,Runs,5,5,0,MP Stoinis,"Bharat Ratna Shri Atal Bihari Vajpayee Ekana Cricket Stadium, Lucknow",AK Chaudhary,A Nand Kishore
318,1359538,Dharamsala,17-05-2023,2023,64,Delhi Capitals,Punjab Kings,Punjab Kings,field,N,normal,Delhi Capitals,Runs,15,15,0,RR Rossouw,"Himachal Pradesh Cricket Association Stadium, Dharamsala",KN Ananthapadmanabhan,MV Saidharshan Kumar
319,1359539,Hyderabad,18-05-2023,2023,65,Sunrisers Hyderabad,Royal Challengers Bangalore,Royal Challengers Bangalore,field,N,normal,Royal Challengers Bangalore,Wickets,8,0,8,V Kohli,"Rajiv Gandhi International Stadium, Uppal, Hyderabad",BNJ Oxenford,VK Sharma
320,1359540,Dharamsala,19-05-2023,2023,66,Punjab Kings,Rajasthan Royals,Rajasthan Royals,field,N,normal,Rajasthan Royals,Wickets,4,0,4,D Padikkal,"Himachal Pradesh Cricket Association Stadium, Dharamsala",A Nand Kishore,RJ Tucker
321,1359541,Delhi,20-05-2023,2023,67,Chennai Super Kings,Delhi Capitals,Chennai Super Kings,bat,N,normal,Chennai Super Kings,Runs,77,77,0,RD Gaikwad,"Arun Jaitley Stadium, Delhi",CB Gaffaney,NA Patwardhan
322,1359542,Kolkata,20-05-2023,2023,68,Lucknow Super Giants,Kolkata Knight Riders,Kolkata Knight Riders,field,N,normal,Lucknow Super Giants,Runs,1,1,0,N Pooran,"Eden Gardens, Kolkata",J Madanagopal,UV Gandhe
323,1359543,Mumbai,21-05-2023,2023,69,Sunrisers Hyderabad,Mumbai Indians,Mumbai Indians,field,N,normal,Mumbai Indians,Wickets,8,0,8,C Green,"Wankhede Stadium, Mumbai",KN Ananthapadmanabhan,RJ Tucker
324,1359544,Bengaluru,21-05-2023,2023,70,Royal Challengers Bangalore,Gujarat Titans,Gujarat Titans,field,N,normal,Gujarat Titans,Wickets,6,0,6,Shubman Gill,"M Chinnaswamy Stadium, Bengaluru",Nitin Menon,VK Sharma
325,1370350,Chennai,23-05-2023,2023,71,Chennai Super Kings,Gujarat Titans,Gujarat Titans,field,N,normal,Chennai Super Kings,Runs,15,15,0,RD Gaikwad,"MA Chidambaram Stadium, Chepauk, Chennai",AK Chaudhary,CB Gaffaney
326,1370351,Chennai,24-05-2023,2023,72,Mumbai Indians,Lucknow Super Giants,Mumbai Indians,bat,N,normal,Mumbai Indians,Runs,81,81,0,Akash Madhwal,"MA Chidambaram Stadium, Chepauk, Chennai",BNJ Oxenford,VK Sharma
327,1370352,Ahmedabad,26-05-2023,2023,73,Gujarat Titans,Mumbai Indians,Mumbai Indians,field,N,normal,Gujarat Titans,Runs,62,62,0,Shubman Gill,"Narendra Modi Stadium, Ahmedabad",Nitin Menon,RJ Tucker
328,1370353,Ahmedabad,29-05-2023,2023,74,Gujarat Titans,Chennai Super Kings,Chennai Super Kings,field,N,normal,Chennai Super Kings,Wickets,5,0,5,DP Conway,"Narendra Modi Stadium, Ahmedabad",Nitin Menon,RJ Tucker
